{
  "Open": {
    "mean": 19187.38267931664,
    "std": 16143.819510791962
  },
  "High": {
    "mean": 19324.250527516957,
    "std": 16263.47875741644
  },
  "Low": {
    "mean": 19038.990295383413,
    "std": 16016.461732415317
  },
  "Close": {
    "mean": 19187.073489827857,
    "std": 16142.974275739665
  },
  "Volume": {
    "mean": 373.6442503717612,
    "std": 588.1630123813479
  },
  "returns": {
    "mean": 0.00037282085442181525,
    "std": 0.015891072619951676
  },
  "atr_10": {
    "mean": 319.67605118675016,
    "std": 363.16932840690544
  },
  "volatility_20": {
    "mean": 0.01348135853692032,
    "std": 0.008421408694645728
  },
  "rsi_14": {
    "mean": 51.9468148560525,
    "std": 19.49385677627356
  },
  "bollinger_upper": {
    "mean": 20049.19966265581,
    "std": 16902.60166171833
  },
  "bollinger_lower": {
    "mean": 18273.71390437601,
    "std": 15382.252545664991
  },
  "bollinger_position": {
    "mean": 0.5280995496053227,
    "std": 0.33276818064672514
  },
  "bollinger_width": {
    "mean": 0.09521208297653451,
    "std": 0.07145340428334025
  },
  "momentum_5": {
    "mean": 13.524762649973914,
    "std": 851.1176639799871
  }
}