{
  "Open": {
    "mean": 19188.39136541471,
    "std": 16148.773446349227
  },
  "High": {
    "mean": 19635.190974178404,
    "std": 16525.602420229505
  },
  "Low": {
    "mean": 18703.923857589987,
    "std": 15728.392277180921
  },
  "Close": {
    "mean": 19205.653454616586,
    "std": 16153.207687093425
  },
  "Volume": {
    "mean": 2241.8655022305675,
    "std": 2245.6961977281144
  },
  "returns": {
    "mean": 0.0022596501874213464,
    "std": 0.03930864163797938
  },
  "atr_10": {
    "mean": 929.6420226917057,
    "std": 968.7978708065131
  },
  "volatility_20": {
    "mean": 0.03564105964941521,
    "std": 0.016339715698104315
  },
  "rsi_14": {
    "mean": 53.51826618562343,
    "std": 18.49215700345329
  },
  "bollinger_upper": {
    "mean": 21369.28743115527,
    "std": 18009.02425529758
  },
  "bollinger_lower": {
    "mean": 16730.368965949583,
    "std": 14248.921749928395
  },
  "bollinger_position": {
    "mean": 0.5481592383459376,
    "std": 0.3311725647521101
  },
  "bollinger_width": {
    "mean": 0.25705506479791307,
    "std": 0.15902071758666422
  },
  "momentum_5": {
    "mean": 81.29030516431926,
    "std": 2010.7393062229928
  }
}