{
  "Open": {
    "mean": 19183.912741991164,
    "std": 16143.886088995469
  },
  "High": {
    "mean": 19223.320503141396,
    "std": 16177.93039359088
  },
  "Low": {
    "mean": 19142.264994131456,
    "std": 16107.941685528467
  },
  "Close": {
    "mean": 19183.649371432843,
    "std": 16143.564735396089
  },
  "Volume": {
    "mean": 32.968610326920114,
    "std": 61.13122142347633
  },
  "returns": {
    "mean": 3.3883775549418496e-05,
    "std": 0.004925184055983598
  },
  "atr_10": {
    "mean": 87.3380660556476,
    "std": 111.92926448717512
  },
  "volatility_20": {
    "mean": 0.0036758870135713676,
    "std": 0.003293182502398517
  },
  "rsi_14": {
    "mean": 50.753880409756334,
    "std": 16.424748917685502
  },
  "bollinger_upper": {
    "mean": 19413.08830316734,
    "std": 16345.61427798727
  },
  "bollinger_lower": {
    "mean": 18949.679262778987,
    "std": 15943.350649566994
  },
  "bollinger_position": {
    "mean": 0.5106227884782408,
    "std": 0.3249436556310711
  },
  "bollinger_width": {
    "mean": 0.02455423189184121,
    "std": 0.02607290146236131
  },
  "momentum_5": {
    "mean": 1.1894851215133944,
    "std": 252.69025779183073
  }
}