{
  "Open": {
    "mean": 19087.840163934427,
    "std": 16170.689896617885
  },
  "High": {
    "mean": 20448.20174863388,
    "std": 17218.272786442885
  },
  "Low": {
    "mean": 17715.40382513661,
    "std": 14938.517667844253
  },
  "Close": {
    "mean": 19201.86103825137,
    "std": 16190.53579811126
  },
  "Volume": {
    "mean": 15693.440540400466,
    "std": 12348.953675178358
  },
  "returns": {
    "mean": 0.01626884476518945,
    "std": 0.10691116834445388
  },
  "atr_10": {
    "mean": 2694.500398907104,
    "std": 2601.041328718888
  },
  "volatility_20": {
    "mean": 0.09912346474447291,
    "std": 0.03375298566177555
  },
  "rsi_14": {
    "mean": 56.061343005950626,
    "std": 20.165502328083353
  },
  "bollinger_upper": {
    "mean": 25317.152221071734,
    "std": 21445.982253553062
  },
  "bollinger_lower": {
    "mean": 11208.119825376358,
    "std": 10595.64015512074
  },
  "bollinger_position": {
    "mean": 0.5920682026008315,
    "std": 0.35084789252662757
  },
  "bollinger_width": {
    "mean": 0.8355549161653587,
    "std": 0.4428241978290842
  },
  "momentum_5": {
    "mean": 564.1314207650273,
    "std": 5651.1066697828555
  }
}